<?xml version="1.0" encoding="UTF-8" standalone="no"?><Bookings><Booking bookingId="1"><roomId>1</roomId><customer_id>101</customer_id><customer_name>loki</customer_name><checkInDate>2021-12-28</checkInDate><checkOutDate>2021-12-29</checkOutDate><totalCost>1000.0</totalCost></Booking><Booking bookingId="2"><roomId>2</roomId><customer_id>102</customer_id><customer_name>lowkey</customer_name><checkInDate>2021-12-29</checkInDate><checkOutDate>2021-12-30</checkOutDate><totalCost>1000.0</totalCost></Booking><Booking bookingId="3"><roomId>3</roomId><customer_id>103</customer_id><customer_name>lokesh</customer_name><checkInDate>2021-12-28</checkInDate><checkOutDate>2021-12-29</checkOutDate><totalCost>1000.0</totalCost></Booking><Booking bookingId="4"><roomId>1</roomId><customer_id>101</customer_id><customer_name>loki</customer_name><checkInDate>2021-12-31</checkInDate><checkOutDate>2022-01-01</checkOutDate><totalCost>1000.0</totalCost></Booking><Booking bookingId="5"><roomId>2</roomId><customer_id>101</customer_id><customer_name>loki</customer_name><checkInDate>2021-12-31</checkInDate><checkOutDate>2022-01-01</checkOutDate><totalCost>1000.0</totalCost></Booking><Booking bookingId="6"><roomId>3</roomId><customer_id>102</customer_id><customer_name>lowkey</customer_name><checkInDate>2021-12-29</checkInDate><checkOutDate>2021-12-31</checkOutDate><totalCost>2000.0</totalCost></Booking><Booking bookingId="7"><roomId>4</roomId><customer_id>101</customer_id><customer_name>loki</customer_name><checkInDate>2021-12-31</checkInDate><checkOutDate>2022-01-01</checkOutDate><totalCost>750.0</totalCost></Booking><Booking bookingId="8"><roomId>1</roomId><customer_id>103</customer_id><customer_name>lokesh</customer_name><checkInDate>2022-01-02</checkInDate><checkOutDate>2022-01-04</checkOutDate><totalCost>2000.0</totalCost></Booking></Bookings>