<?xml version="1.0" encoding="UTF-8" standalone="no"?><Customers><Customer empId="101"><companyName>cts</companyName><name>loki</name><email>loki@gmail.com</email><mblNum>399964397</mblNum><passward>loki</passward></Customer><Customer empId="102"><companyName>cts</companyName><name>lowkey</name><email>lowkey@gmail.com</email><mblNum>399964397</mblNum><passward>loki</passward></Customer><Customer empId="103"><companyName>cts</companyName><name>lokesh</name><email>lokesh@gmail.com</email><mblNum>399964397</mblNum><passward>loki</passward></Customer></Customers>