<?xml version="1.0" encoding="UTF-8" standalone="no"?><Rooms><Room roomId="1"><roomType>AC</roomType><TV>YES</TV><WIFI>YES</WIFI><roomPrice>1000.0</roomPrice><specialFeatures>Lake View</specialFeatures></Room><Room roomId="2"><roomType>AC</roomType><TV>YES</TV><WIFI>YES</WIFI><roomPrice>1000.0</roomPrice><specialFeatures>City view</specialFeatures></Room><Room roomId="3"><roomType>AC</roomType><TV>YES</TV><WIFI>YES</WIFI><roomPrice>1000.0</roomPrice><specialFeatures>Swimming pool</specialFeatures></Room><Room roomId="4"><roomType>NONAC</roomType><TV>YES</TV><WIFI>YES</WIFI><roomPrice>750.0</roomPrice><specialFeatures>Cool breeze from window</specialFeatures></Room></Rooms>